id,sequence,label
0,GTAGCGGCGCATGC,1
1,GCCTGCCACTTCCT,1
2,GAGAGGAGGGGTGT,1
3,GGGCAGGGCCGAGG,1
4,AGACGGGCCGCGCC,1
5,CTAGGCCGGAGCGT,1
6,AGGAGGCGGAGGGA,1
7,GCGTAGGGAGGCGG,1
8,ACCTCTGATCATTC,1
9,AGCAAGAACAGCAC,1
10,AGCCCCCGGAGGGA,1
11,GCCATCGCCAACTT,1
12,CGAAAGATTCGAAA,1
13,AGGAGGGCGGGAGA,1
14,TGGGGCGGAGCCAT,1
15,CCGCTCGTCGGCTG,1
16,GGCCGCGCCCACCA,1
17,GGTGCGGCGAGCGG,1
18,GCGCAGCCTTATCC,1
19,GCGGCCAGATGGGG,1
20,TGGGGGCGTAGCGC,1
21,GCGCGGCGAGGAGA,1
22,GGGAGGCGTGGCGC,1
23,GTCGTGGGCCGTGG,1
24,TTTGCCCTCCCCCT,1
25,GCGGCGGGCCCGGG,1
26,CGAGGGCTGGGCCG,1
27,GTTGGGCCGAAACA,1
28,GCCAGTGGGCACGG,1
29,GATGAAGACGAGGA,1
30,CTCGCCGCAGATAT,1
31,AGTATGGAGAGCGG,1
32,CTGAGCAGGGCGGG,1
33,CTGGGCTGGGCCAC,1
34,AAGTTAGGGGAGAC,1
35,GAGAGGGGGCTAAA,1
36,GGGCGGGCCCGGGC,1
37,CGCGGTCGCTGGAA,1
38,CACCTGACTCAGAG,1
39,CGTGGAGGGGCGGG,1
40,AGGCCGCGGCGACA,1
41,GCGGGCGACGGGAT,1
42,GCGGGGCAGGAAGA,1
43,GGCCGCCGCGCAGG,1
44,CCCCCCAGTGGGAG,1
45,CCCCGTGCGGGAGC,1
46,GAGGGGCCGGGAGC,1
47,GGTGCTCTCCGTCG,1
48,GCGGCGGGGCCCGC,1
49,AGGCGGGGCGGAGA,1
50,GCGGACCTGTAAGA,1
51,GCCGGAAGCGTGGG,1
52,GGTGGGGCCGGCGG,1
53,AGAGTTGCGGGCTC,1
54,TTCCGGGGAAAGTC,1
55,CGGGCGCTCCCTTG,1
56,CGTCCTACTCCGCC,1
57,CGCAGAGAGGGCGG,1
58,AAATGGTGGGTGGG,1
59,CCCCGCGGGGGAGG,1
60,ATCCCGCCCACGGG,1
61,ATCCCCGCCCTCCG,1
62,GCCTGATGCAAAAC,1
63,AAAGCTAGTAGCTG,1
64,CACGCAACAGGCTT,1
65,AGGTGGCGGCGGCC,1
66,GGAGAGCGGGCGGC,1
67,TACTGCAGGGGGCG,1
68,GTGGGAAGATGGCG,1
69,GGGGGCAGGGACTG,1
70,GTTAGGGGTCCGGA,1
71,GGCCTCTCTTGTGA,1
72,AGCAGCCCAAGGGC,1
73,GCAGCCACCAAGGG,1
74,GGGTCCAGGGGGCG,1
75,GGACGGGCGGCGGG,1
76,GAGGGGGCCGGGCG,1
77,CCTGCCCACCGCCC,1
78,CTGGGGTTGGGAGG,1
79,GGGTTGGGGGCGGG,1
80,GAGTGGTGGGGGCG,1
81,GACCCGAACGGGGG,1
82,GCGAGACGAAGATG,1
83,GCCCCGGGGGCGGG,1
84,GAAGCTTTGTTTAG,1
85,ATCCGTTTCCGGGT,1
86,GGAGAGATGTCGGG,1
87,GGCTCTGGAGGGTG,1
88,CGCCTCCGCTGAAC,1
89,TCCGTTGCGCGCCT,1
90,AGAAGGAGGGAGGG,1
91,GGCTCGGAGCCTCC,1
92,CGAGGAAACTAACT,1
93,GCGGGGCGGGGCGC,1
94,GGGAGGGGGCGATA,1
95,GAGCCGGGGCACCA,1
96,CGGGCTCCGTTCTG,1
97,ATATGGGCGCGGGG,1
98,GCGGGAGGCGGCGG,1
99,AGGGGCGGGGGCAC,1
100,AGGGCAGCCAATCA,1
101,TGGAGGCGTGCGAG,1
102,TAACCGGAGAGAGC,1
103,GCTGGGAGGCGGGC,1
104,GGGGCAGCTGAGTT,1
105,TCCAGCGCTCACGC,1
106,AGAGCCCGGGGCGG,1
107,GCGCGCCCGGGACC,1
108,ACCGCGGTGGGGAG,1
109,TCGCGCGCCGGCTG,1
110,CGGGGCCGCGCTCG,1
111,GGGAAGGGGCCCTC,1
112,GGTGCCGGGGCGGG,1
113,GCCTGCTATTGGCT,1
114,ATGAGGACTGCGGG,1
115,GAGGGAGAGAAAGA,1
116,GGGCGGGGGCGGAG,1
117,GTGAGGAGCAGCAG,1
118,GGGCGGGGGCGGGG,1
119,GCGGAGCCTCGGGC,1
120,GACCGGGGGGAGGG,1
121,GTGGAGCTGGAGGA,1
122,AGGGGGCGGGGAGG,1
123,GGCGGACGCGAGGA,1
124,CACGCGCACAGCCG,1
125,CTCTAGCCGCGAGA,1
126,GGCTGCGGGGCGGG,1
127,GGGGCGGGGGTGGC,1
128,CGGGGGGCGGAGCA,1
129,ATGAGCTCTGGGCG,1
130,GCCGCTCCCTTCCC,1
131,TGGCGGGGCGGGGG,1
132,GGTGAGGGGCCATG,1
133,CGCACCGCACGATA,1
134,GACCCGAACGGGGG,1
135,AGCCTCAAGCTGTC,1
136,CAGCTCGGGGCGGT,1
137,TCGGACCCCAGCCC,1
138,TTAGCGCCTTTTTA,1
139,GCGGGGCGGCGGCG,1
140,CAACGCGAGGGTGG,1
141,GGAGCGGGAGCGGG,1
142,CGCCCAGGGCAGTG,1
143,TCAGCCCCGGCCTC,1
144,GAGCCCCGCGCGGA,1
145,CATTGAGAGCGGAG,1
146,CCAGCACGCGGCAA,1
147,ATCAGAGGGCCTAG,1
148,CCCCTCCCCGGACG,1
149,GGAGGCGGGGCCTG,1
150,CCGCTTCCCTGGTG,1
151,GCGGTGGCGCTCCT,1
152,GCGGGGAAGGACCC,1
153,GGCTCTCGGCGCGC,1
154,TAACGCAGCGCTGG,1
155,CCCAGGGCGGGGAA,1
156,GCGCGCTCCCTTCT,1
157,GGAGCCAGGAGGGT,1
158,GCGCGCGTGGGCGT,1
159,GGGGGAGGGGAGGA,1
160,GCTGGGCGGCTCCG,1
161,CCCGACCTGCCCCA,1
162,GGGTGGCTGGCGGT,1
163,ATCCGGCCCATTGG,1
164,GGTGGAGGAGCGTG,1
165,GCCCCGAGCGCCTG,1
166,GCGGCGGGCGAGGG,1
167,GTCAGACGCTTTAG,1
168,CTTGGGCGTGGGGG,1
169,CGGGGCGGAGCCCT,1
170,TGGAAAGGGCTGGG,1
171,CCTGGGTGAGAGGA,1
172,CGGGCTTAGAACGC,1
173,CGGGACTTCCTCTC,1
174,GCGGAACCGCTGCT,1
175,CGCGCGCGGGCGAG,1
176,GATTGAAGGAGACC,1
177,CGCGGACTACAAGT,1
178,GTTGGCAGCTGGCG,1
179,GCGCGCTCGCGAGC,1
180,CGTGGCGAAGAGGG,1
181,AGCGGCGAGTGGGA,1
182,CGGCTCCCGCGGCC,1
183,CCTGTCTGGGCCTC,1
184,ATAGGGGAGGTGGG,1
185,CGGGGCGGGGACTC,1
186,GAAGGGGGCGGGAC,1
187,GTGCGAGGGTGATA,1
188,TGGCGGGGCGGGGG,1
189,TTGGCTATGGGCCC,1
190,TAGAAGCCAGGGGA,1
191,CACAGATTAAGCTC,1
192,TTGCCTGGCGCCTC,1
193,CCGCCCCGCCCCGC,1
194,TCCTGGGCCCTACA,1
195,CACGGTCCGTCTGC,1
196,GCGCCCCGCAGGGG,1
197,CTCGCAGGCGCAGG,1
198,CGGCCCACGCGGCG,1
199,TCAAACCCAGCTCT,1
200,GAGGAGCCGAGCTC,1
201,GCGGCGCCTCCAGG,1
202,CTGCAGCCGCGCCG,1
203,GCGGGGGCGTCGTG,1
204,GCCTGCGAGGCGGG,1
205,GGAGCTGGGCGGAG,1
206,CGGGACGTGGGCGA,1
207,CGTGGAGGGGCGGG,1
208,GGGAAGCAGGTCCG,1
209,GGACCAGGGATGGG,1
210,CGGCCCACGCGGCG,1
211,GGGCGCGGGCTTGG,1
212,CGCTCCCCGGCGGC,1
213,CACGCGCTCGCTCT,1
214,GCTCCGCCGACCCG,1
215,GCGGCGGGTGCGGG,1
216,AGGGGGAGGGCAAA,1
217,CCAGTTGAGGGCCG,1
218,GGCCTCTGCGAGCT,1
219,GAGAACAGGTGTCC,1
220,GCGAAACCGAGGGG,1
221,GGGCGAGGGGGCGG,1
222,GGGGCGGGGCCGGC,1
223,GCGCAGGGTGGACC,1
224,AACGGGAGCTGTGC,1
225,TTGGGCCCTCCTGG,1
226,CAAAGACGGTCACG,1
227,GCGGGGCGGGGCCG,1
228,GCGCGGGGCGGCAT,1
229,CGCTGTAGCAGTGA,1
230,GTGCCTGAGCCGAA,1
231,GAGAAGGCGAAGGG,1
232,CGGGCCGGAGTGGG,1
233,GCTCTGCGGGGAGG,1
234,CGGTTCGGGGGCGG,1
235,GAGGGGGCGGAGCG,1
236,GGGCGGGTCCTGGG,1
237,CGGCGAGGGGCGGG,1
238,AGAAGTAAGAGAAT,1
239,GGGGAGGGCAGAGG,1
240,ACCCTGCTGGCTGC,1
241,GGTTCGGTCCGACA,1
242,CAGCCTTCAGGGGA,1
243,CAGGCGTGTGGCGG,1
244,AGGCGCGGGGAGCC,1
245,CTCTAGCCGCGAGA,1
246,CAGCTTCTGAGATC,1
247,CGGGGGCGGGGCCG,1
248,AAGTGGGAAGTGGA,1
249,GGGGCCGCGCGGCG,1
250,GTGCGGGGGTGGGG,1
251,GGCACGAGGCCGAG,1
252,TGGGCTGCGGCACC,1
253,GGAGCTGGGGGGCG,1
254,CTGGGCGGTGCCGG,1
255,ATCAGTCCCGGGGG,1
256,GCCGGGCGGAGCCG,1
257,CAGGACGGGGCCGA,1
258,GCGGGGCTGCGCGG,1
259,TGGGGCGGGGCTGA,1
260,GCGGCGGGCGAGGG,1
261,CAAAAGCAGAAGGT,1
262,CAAGGAGTAGGGCG,1
263,CGAGGCGGGTTCTT,1
264,GGGGATGGGGTGAG,1
265,GCCCCCGCGGCGGG,1
266,GTGTTGGGGTGGGA,1
267,TTGGAGGGACGCCA,1
268,GGGGTTAAGGGGGC,1
269,GGGTCGAGAGCGCT,1
270,GAGGCCGGCAGCGC,1
271,GGATGCGTGCGCGT,1
272,GGGCGGCTCCCGCC,1
273,GGGCGGGGCCTGCC,1
274,CCCGGCGCGGGCTT,1
275,TACACGATTGGAGG,1
276,CGGAGGGCGGGGAT,1
277,GTCAGGGGCGGGGC,1
278,CTCCGGAGGGCACG,1
279,ATCACATTTCAGCA,1
280,GTGGCCCTGCGCGC,1
281,GCGGGCGGAACGGA,1
282,GGGGCCAACAGTGG,1
283,GCGGCCGAGCTTCA,1
284,TCTCTCAGCCCGTG,1
285,CAACGCGAGGGTGG,1
286,TGGGCCTGGCCGGG,1
287,CGGCCTAGTTACCA,1
288,ACCGGAACGAGTCA,1
289,CCTGCCCACCGCCC,1
290,CCAATGGGCTGCAG,1
291,GGGGCGGGGCGGGG,1
292,GGGCGGCGGGACGG,1
293,GGCGGAGGCGGGGC,1
294,GAGAAGGGAAAATG,1
295,TGGGCTGCGGCACC,1
296,GGAGGAGGGGCGAG,1
297,GCGGCGGGCGGCGG,1
298,TGCCCGCGAGCCGG,1
299,GAGAGGGGGCCCGT,1
300,GCGGGGCGGGGCGC,1
301,AGGGCTGGGACACC,1
302,GGCACAGCCCAAAA,1
303,CTGAGCGCAGGCCG,1
304,GACTTTAGAGGAGG,1
305,CGGCCCCGAGCGGC,1
306,TCCCTCCGGGGGCT,1
307,GCGCGGTAGTGGGG,1
308,CCCGCGCGGCGGCG,1
309,TAAGAGGCACCGCA,1
310,GGCTTCTGCGGGAT,1
311,CTGAGCCCGCAGCC,1
312,CGGAGCGCGCGCGA,1
313,GTGGGGCCGGCCGC,1
314,GGGACCGGGCGGGC,1
315,TAGAAGCCAGGGGA,1
316,GCAGCCCACTGCGA,1
317,GGGGAAGGCGGAGG,1
318,CCGGGACGCAGCGC,1
319,GTCTCAGCACACAC,1
320,GGGGGTGTGGCGCG,1
321,GCTGTCCGGCCCCG,1
322,CCGCGCCGGGTCCG,1
323,AAGGGGCAGTGCCG,1
324,GGACGCTAGGCTTC,1
325,CGCCTTCCTCATGA,1
326,AGCGGGGAGTGGGC,1
327,TGGCGGGGCGGGGG,1
328,AAGATCCCTTTTGT,1
329,CGGCGGGGCGGGGC,1
330,CCACCGGAGCGCCG,1
331,CCAAATTGTGACGT,1
332,GAGGAGGAGGAGGG,1
333,GGGAAGCAGGTCCG,1
334,CAGCGCCCGGGCAT,1
335,AGCCACCTCGGCGG,1
336,CCGCAGGGGCTGGG,1
337,TAGGCTGTGCGCAC,1
338,AACAGTGGTGCACT,1
339,GCTGATACCGAGAG,1
340,CCCTGGCTTCCAGG,1
341,ATGAGGGGAGTGAA,1
342,CGCGGGGCGGGGTG,1
343,GAGAGGGGGATGGG,1
344,TGGATGGGCGGGGC,1
345,GCGGCGGGGGCGGA,1
346,GGGCACTGGGGCCA,1
347,CAGTTCACCTAATA,1
348,GAGGTGAGGGGCGG,1
349,AGGGGGTAGGGGGG,1
350,GGACAGGAGGCGGC,1
351,GGGCTCCCACCTGC,1
352,CCTGGCCACGCGCC,1
353,GGACCCGCGCCCGC,1
354,CTATATAAGACGAG,1
355,GGAGCGGCCGGAGA,1
356,ACACCCGGCCCCGA,1
357,CCGCTTCCCTGGTG,1
358,CTGAGCGCAGGCCG,1
359,CTCACCTCCTCTGG,1
360,GAGACGACTCCGCC,1
361,CGGACCTGGAGGCG,1
362,GCCGCCCGTCCGCA,1
363,CCCCGTGCGGGAGC,1
364,GTCGAGGCAGGCGA,1
365,GGGCTGAGATTGGA,1
366,GTGGGCGGGGTTTC,1
367,GGGCTGGCCGGCCG,1
368,CGGCCCCGCCCCCG,1
369,GGCGGTGGAGGCTC,1
370,TCTCTGAGCAGAGG,1
371,AGGGGGCGCCAGCC,1
372,CTCCCGCAGCCAAT,1
373,GGAGGGCGCGGTCT,1
374,GTGGGCTGGCGGCG,1
375,TGGCAACCTCAGAG,1
376,TGAGCCGGCGCCCG,1
377,CGTGGTCCCGCCGT,1
378,GGGGTCGTGTTTAA,1
379,CCGGATCAGGCCAC,1
380,GCGGGAGGGGCTTG,1
381,TATCCACTGTAAAA,1
382,GTCACAGAAGGCGG,1
383,GGCGGGGGATGCGG,1
384,ATGGCTTCAGAACC,1
385,CGCGCGGCCGCGCG,1
386,ATTGGCTGCGGGAG,1
387,GGGAGGGGAGGGGC,1
388,AGCGCGGGGGGGGG,1
389,AGGGGGCGGTGCCG,1
390,TTCCGCCGCCTCAC,1
391,GCCGGGGCGGGCGG,1
392,TCCAACTCGGAAGC,1
393,AGCGGAGACGCTGG,1
394,TGCTCCGCCCCCCG,1
395,GCGGGAGGCGGGAG,1
396,TTGGCAAAGCCGAG,1
397,GGTCGGCGTTACCC,1
398,GGGCGGGGACACAA,1
399,TCCGGGGCTTTGTG,1
400,GAGGCAGGGCGCGG,1
401,GACTACATTTCCCA,1
402,GGAGGGAGGAGAGA,1
403,GGGGCGCGCCAGGA,1
404,CGGGGGCGGGGCCT,1
405,CGAGGGCAGCGCTG,1
406,GGGGGCGGTGGCGG,1
407,GGCCCCGCCAATAC,1
408,GCCGCGGGGGACCC,1
409,TCGCAGTCCTGGGG,1
410,CCGGGGGCGGGGTG,1
411,ATGACGGAGGGGAA,1
412,GCGCCCTTCGACCA,1
413,AGGGGCGGGGTCGG,1
414,GGCGGCGGTTTTTT,1
415,CCCGGGACCGGGCG,1
416,GGCCCCCTCCCCCG,1
417,GTTTCTTCCCTCCT,1
418,GTCTTTGTCTGCGC,1
419,GGGCCAGGGCCCGG,1
420,GATAGGCACGCGGG,1
421,GGAGCGAAGACTGA,1
422,GGGATTCGGGGGCG,1
423,GGAGGGGTGTCCCC,1
424,CGCGGCCTCTATTG,1
425,GCGTCGAAGGCAGT,1
426,CCAGCGGCAGCCCC,1
427,GCCCTGACGGCAGG,1
428,GGGTCTGGGGCGCA,1
429,GTGGGCGACGCACG,1
430,CAAAGACGGTCACG,1
431,CCATCAGGCCGACC,1
432,CGGGGAGGGGGTGG,1
433,GTTTCTTCCCTCCT,1
434,GGCGGGGGGCACTT,1
435,GGAGCGGCTGGGAA,1
436,CCGCTCTCCGCTCC,1
437,CGGCCCACGCGGCG,1
438,CAGAGGCGGGGCCG,1
439,CGGCTTCCGGCAAC,1
440,CTCGCGGCTTGAGG,1
441,TGCCCACGTGGCGC,1
442,CCCCCGTTGCGGGC,1
443,CTGCAGTGTGGGCG,1
444,GCTGTCCGGCCCCG,1
445,GGCGGGAGGGGCCG,1
446,GGCGGGTCGGCGGG,1
447,TTCGATTGCCCCCG,1
448,GGGGGGCGGGCCCG,1
449,TTCGGAGTTCCTGG,1
450,AGAGGGGCGGGGTC,1
451,GTGGGCAGGACCTC,1
452,GGCTTTTCGGGCTA,1
453,GGGCTGAGGGAGGG,1
454,GGGCGCCGGGTCCG,1
455,GCTCACCTAGACCT,1
456,AGCAGTGAGGGTAC,1
457,CCTCAGAAGCCGAC,1
458,AGGGCAAGGTCCCG,1
459,GCTCGCCGCACAAA,1
460,GGAGGGGGAAGAGG,1
461,GCAGGCGCTGCGGC,1
462,CCTGCTCCCCCTCG,1
463,CCCCTGGAGGCACA,1
464,ATCGCTTCCGGGGG,1
465,CACCCCGCCCCGCG,1
466,CGGGGCCGGCCCCC,1
467,GGGGTTGGCGGTGC,1
468,TCTGCAGAAAAACC,1
469,GCGGAGCTCCGCCC,1
470,GCCAGCGAGGCTGC,1
471,GTTGCCGGGGGAGA,1
472,GGCTCGGGGTGGGG,1
473,TGCGGTTCCCGCGG,1
474,GAGGGGGCGGAGCG,1
475,CCGGGGGCGGGGTG,1
476,GCAACGGGCGGGGC,1
477,CCGCCCGCCTGTTT,1
478,GGGCGGGGCCGGGC,1
479,CCGGCCTGGCTGCC,1
480,CCTCTTTACGCAGG,1
481,ACGGCGATGGACTC,1
482,GCGGGGGGGATGGG,1
483,GGTCCGGCGCGCGC,1
484,AACGGGACCAGCTC,1
485,GGCTTCCGGTTTCC,1
486,CTGCAGCCGCGCCG,1
487,CCGGCCTGGCTTGT,1
488,CGCCCGCCCCCACC,1
489,GAAAACAAAGGCGG,1
490,CTTCGCGCGCCTTT,1
491,GGCCGCCGCGCAGG,1
492,GGACCTCGGGAGAG,1
493,GGCTTAGGGAGCGG,1
494,GCGACCCTGCGTCC,1
495,GGCGGGGCCAACAG,1
496,AGGCCGGCGGGGAG,1
497,GGCGGAGCCGGGGG,1
498,GGCGGCGGGGCGGG,1
499,AGGGAGGCTGAGGA,1
500,CCTCCTGGACCTTG,1
501,GGTGCCGGGGCGGG,1
502,ACTCCGCCCCCGCA,1
503,GGCTTCCGGTTTCC,1
504,GGGGTTTATCTTCT,1
505,CCCGCCCGCTCGCT,1
506,GAGGCAGGGCGCGG,1
507,ACCAAGTGGCCGCG,1
508,GGCAGGGAGAGGGC,1
509,AGGCGCACACTCGC,1
510,TAGAAGCCAGGGGA,1
511,GCGGAGCGTGTTCT,1
512,CCAAGCAACACCGG,1
513,GCGCGCGCGCTCTC,1
514,TCCTCCCGTCTGCC,1
515,TGCGGCGGGAGGCC,1
516,GTGATGGTTGGTTC,1
517,GGGATTCGCTGAGG,1
518,TCGCTCTCAGGGGG,1
519,GTCCCGGCGTGCCG,1
520,CCCGAAAACAGGAC,1
521,TGCCTGGTGCCTGG,1
522,CGGGAAGGATCCAC,1
523,GGGGAGGGCAGAGG,1
524,GCGATTGGCGCTGG,1
525,TGCAGCAGAACGCC,1
526,CCCCCTCACCTCGT,1
527,GGTTATCGCGGGAA,1
528,TCGATGCCTGACGC,1
529,GGAAGCGGAACCGG,1
530,AGGGGCGGGCGTAG,1
531,GGGCGGGGGCGCCG,1
532,CGGGGCGAAAGTCG,1
533,GCCTACCCGCCTCG,1
534,TGGCCTCACTGCAC,1
535,CGCGCCCGGCTTTC,1
536,GGCCACTTACCGCG,1
537,TCTGGAGCCGCAGG,1
538,CTCGCTCGCTCGCT,1
539,CAAAACTCCGGAGG,1
540,GTGGGAGGTGCGTC,1
541,GACTTTAAAGCGTT,1
542,GTGTGGGAGGGGGA,1
543,GCGGGCGGGGGGCT,1
544,GGGCTTGAGGGCCC,1
545,CCCTGCTCTGCCTG,1
546,GGACAAGGTCGTCA,1
547,CCCCCTGAGAGCGA,1
548,GGCAGCGGAGGCGG,1
549,GGACGGGCGGCGGG,1
550,AGTGGCTTCCAGAG,1
551,AGGGGGCGGGGAGG,1
552,AAGGGGCAGTGCCG,1
553,TCCTACCCCAACCT,1
554,GGGTCGCGCACGCG,1
555,CCAAATTGTGACGT,1
556,AGCCGCGGCCCCAG,1
557,GGACAGCGGTGGCG,1
558,AGGGAGGGGAGGGG,1
559,CCCAGGCGGGGGGA,1
560,GCGGCCGAGGCGCC,1
561,GGGGCCAACAGTGG,1
562,CGGGGCCGCCGAGG,1
563,CGGAGGGCGTGGCT,1
564,GCGCGGGGCGGGGC,1
565,GGTCCCGGGCGCGC,1
566,GCGCGCGGGGGACA,1
567,GGGCGGGGCCTGGG,1
568,CGGCGCAGCAAAGG,1
569,TGTCAGTGAGCGGC,1
570,GCGGGGCGGGCCGA,1
571,ACCGCCGCGTCCGC,1
572,GGGCGGGGTGGTGC,1
573,GAGGGGCGGGGCCG,1
574,GGCACGAGGCCGAG,1
575,GGGGCGGCGCCAGG,1
576,CTGGGCGGTGCCGG,1
577,CCCGGGAGTGAGAG,1
578,GGGGGCGGGGCCGG,1
579,GGGAGAGCGGCGCG,1
580,GGCCTCTCCGGCGG,1
581,TGGATGGGCGGGGC,1
582,GTTGGCAGCGTAGG,1
583,GGCCGGCGGGAGGC,1
584,GCCGTCGACCCCGG,1
585,GGGGCGGAGGCTCA,1
586,CAGCAGCTCAAGTT,1
587,GAGGGGGTGGGGGA,1
588,GCCTACAGACAACC,1
589,GGCGGGAAGGCGGC,1
590,GCGGAAGGACACAC,1
591,CGGCGGGGCGGGGC,1
592,GTGGGCGGAGGGAA,1
593,CGGGCTGGAGGGCG,1
594,GCCGGGCGGAGCCG,1
595,GGCCGCGGCGAGCC,1
596,AAAGAGGCGGGGGC,1
597,TGCCGAGTCTCGAT,1
598,TCCGCGGCGAGGGC,1
599,AGGCGGGGCTCTTC,1
600,GACACGCCTCCCCC,1
601,GGCGGCGGCCAGGG,1
602,GGACGCCGCGGCGG,1
603,TGCGGGCGGGGCGG,1
604,CCGGGCCGGGGCCG,1
605,CGGAGCGCGAGTCG,1
606,GCAGGGCGGGGGGC,1
607,CGAGGGAGGCTTCG,1
608,GGAGGGCGCGGTCT,1
609,AGGCACCTTTAAAT,1
610,GAGGGAGAGGCGGG,1
611,TTCGACTGAGCAAG,1
612,CGCACCGTGATTGG,1
613,CGTGGTGGCGGGCG,1
614,GAGGGCTTACAAGG,1
615,GGGGCGCCTCCGGG,1
616,GCCCGCGGGCACCT,1
617,CGGCTAGCCGCGCG,1
618,ACCGCGAGCGGAGG,1
619,GCCTGAGGCCCGGG,1
620,ATAGGGGAGGTGGG,1
621,TCGGGACTGGACCT,1
622,GCGCGGTAGTGGGG,1
623,GCGCCTCACGCAGT,1
624,AGACCTCTGCGTCA,1
625,AGGGGTGGGGCGGG,1
626,GGGCGGTGCCGGCG,1
627,AGGGGGCGGTGCCG,1
628,GGGGGAGGGGAGGA,1
629,GGCCTGTCGGGAAA,1
630,CTGCTGACTGGTCA,1
631,CGGGGCGGTGTCGC,1
632,CCGGACTGATTCTC,1
633,GGAGGGGAAGGAGA,1
634,GCGAGACGAAGATG,1
635,CGGGGCCTGGGCGC,1
636,CGGCGGCCACGGAG,1
637,GCGAGCTAGCGGGT,1
638,CTCGCCGAGCCCCG,1
639,AAGGGGCAGTGCCG,1
640,GTGGGAGGTGCGTC,1
641,GCGCCGCAGTCGGC,1
642,CGGGCCCCGGGGCC,1
643,TCCGCGCCCGGGCG,1
644,ACGGCGGCGAGCGC,1
645,GTGTCTCGCCGCGC,1
646,CGAGGGAGGGGTGG,1
647,GCCTACCGGCCCCG,1
648,AGGAGTCTGAGAGG,1
649,CTGCACTCGGTCCT,1
650,CGCCGCGGGGGCTG,1
651,GGGGCGGGGCCGGG,1
652,AGGGGTGGGGCGGG,1
653,GGGGCGGGGCTGAG,1
654,GCCATTTCTAGTCG,1
655,CCCAGTGCGGCGCG,1
656,GGCGGGGGCGGGGC,1
657,ATACCCAGAGGCGG,1
658,CTGGGGTTGGGAGG,1
659,GGAGGCGGGGCCTG,1
660,AGGGGGCGGTGGGG,1
661,GAGAAGCGGACACC,1
662,ACTCGTGCGGTCCG,1
663,CCTGCTGCACTGCT,1
664,GTACTGTGGGGTAT,1
665,GCCGCCGCCGCCTC,1
666,GCGGGCACTAGAAT,1
667,GTGGGCTGGCGGCG,1
668,GCGGGGAGCGGGGA,1
669,AGGTCTTCAGGCAC,1
670,GGAGGAGGGGCAGT,1
671,CGCCTGCGCACTTG,1
672,GCACCCCCGTCCGT,1
673,GCTGGCGCACCGTC,1
674,TCGGGCGCCTGCGA,1
675,GGGCCGCGGGTAGG,1
676,CAAGGTCCAGGAGG,1
677,AGAGTGGAGGGAGC,1
678,GGTCTGGGTGCGGC,1
679,CCACCCGCCCCTCA,1
680,CGCAGCAGCCAACC,1
681,TTCGATTGCCCCCG,1
682,GGGGGAGGGGAGGA,1
683,CTGCATTGTGGGGG,1
684,CGGGGCAGGAAGGG,1
685,TTCCTGCGGGGGGG,1
686,CCCGGCAGCTCGCC,1
687,TTCCGCAGAAAGCA,1
688,TCTGTAAAGAACTT,1
689,CAAGTGACTGGCCC,1
690,GGCCTGTCGGGAAA,1
691,TGCTCTGGCCCTGT,1
692,GCGGGGCGCCCCCG,1
693,CTGCAGCCGCGCCG,1
694,GAAGCTTTGTTTAG,1
695,CGGACCCGGCGCGG,1
696,CCAGAAACTTATGA,1
697,GCTCCCCGGTGCTG,1
698,GCCGGCAGAGGTGG,1
699,GCGCGCGTGGGCGT,1
700,CCTCTGCCCTCCCC,1
701,CCCGCCCCCAACCC,1
702,CCTCCGCTCCGCGC,1
703,GGGGCACAACCCTC,1
704,CGGACCCTTTAAGA,1
705,TCTTGGCCAGCGCT,1
706,TGCGGAGTTGGCGG,1
707,GCGCGATGGGGCTC,1
708,CCTGGCCACGCGCC,1
709,CTCCAGCCCGGAGA,1
710,GGGCACTGGGGCCA,1
711,GACGGGGCGCTGCG,1
712,GGCCAGGGGGAGGG,1
713,CGGGGGAGGGGGCC,1
714,TACTGCAGGGGGCG,1
715,GTTGCTCCGGTAAC,1
716,GCCGGGCGCTGGGC,1
717,GGCCGTGGCGGTAG,1
718,AGGGGGCGGTGGGG,1
719,TGTGGGCCACTCCG,1
720,TCCCGGGCCGTCCG,1
721,CGGGGGCGGGGCCG,1
722,GGCCTAGGATCTGG,1
723,GGCGGGCGGGGCCA,1
724,GCTTCTCCAGGGGG,1
725,GTGCCTGAGCCGAA,1
726,GGGGTGGGGCGGGG,1
727,AGCATAGCAGCGGC,1
728,GCCGCTGCTATGCT,1
729,CTGGCCCAGCGCTG,1
730,CAGGCGCTCACTTT,1
731,CCTGTGCTCGGTGG,1
732,CCCTGAGGACCCAG,1
733,GAGGGCGGTTGCGG,1
734,CTCCAGTCCCAGCG,1
735,GGGTGGCTGGCGGT,1
736,GACGGGCGGGCGCT,1
737,GGGGCTGCGGCCGG,1
738,TACGGTCTTCAAGC,1
739,GGGTCTGGGGCGCA,1
740,TTTTTCTGAATTTG,1
741,GGAGCCTGAGCCGG,1
742,CGCAATCGCTGGAA,1
743,CCCTCCCTTCGTTC,1
744,GAGGGGCGGCGCCC,1
745,CCGCGGCGGGGCAG,1
746,AAGGGGCGTGGCGG,1
747,CCTCGCGGGGGCGG,1
748,GCCGGGAAAGGGCT,1
749,TCGCGTGTCGGAGG,1
750,GGTCACCCTAGAAG,1
751,GGCGGAGCCGAGGG,1
752,AGGCCGCGGCGACA,1
753,CAACTCCGGAGGCG,1
754,GTGGGGCCGGCCGC,1
755,GAGGGGCGGGAGGG,1
756,AGGGAGGAGCCACG,1
757,GGGAGGCCCGGGCA,1
758,GCCGGGCTCGCAGG,1
759,CAGCAGCCGCGGCG,1
760,AGAGGAGGGTGAGG,1
761,GGTTGCATATTTTA,1
762,GGAGGGGGGAAACA,1
763,ATCACGGCCGCGAG,1
764,CAGGCGCAGGGGGC,1
765,CGGCGGAACTACAG,1
766,AGACGGACGTAGCG,1
767,GCGGAGGGCGGGGC,1
768,GGGGTGGGCGGGCA,1
769,GAGGGGGCGGAGCG,1
770,TGCCCTCAAAGCTG,1
771,GGGCCTCGGAGCTT,1
772,TGCGAGGCCCGAGA,1
773,CTCCGGCCCGCCCC,1
774,CCACGCCGATTGGC,1
775,AGGAGAAGGGAAGG,1
776,TTCACCTCACGTGA,1
777,GCGAGGGTCGGGAA,1
778,GGTGGGGCCGGCGG,1
779,GAGAGTGAGCCACA,1
780,GCTGAGATGGAGAA,1
781,GGGCAGGCAGGGGC,1
782,GGGCGGCGGCGGCG,1
783,GGGCCGAGAGGCGT,1
784,GCAACTCTGCCGAG,1
785,TGCGAAGCCCGAAA,1
786,AGGGGCGGGCGTAG,1
787,CGGCGAGGAGGCGG,1
788,TCCACTTCCCACTT,1
789,GCGCGGCCGGAGGT,1
790,ATAGTGTTTTGTTG,1
791,GAGTGTGTGTGAGC,1
792,GCACGTGGGGCCTG,1
793,GGGGCGGGGCCGGC,1
794,GGGAGTGAAAAGAG,1
795,GCGGCCGAGTTGGT,1
796,CGGTTCGGGGGCGG,1
797,AGGGAGACTGGGTT,1
798,TCCGCCATCTTGCC,1
799,ACAAGCGGGGGTAT,1
800,GCTCCACCGAGCTG,1
801,AGGAGGCGGGGCAA,1
802,CACAGATTAAGCTC,1
803,ACCCCACAAGGAGG,1
804,CGGGGGCGGGCCCG,1
805,TGCCCTCAAAGCTG,1
806,GACTCAACACATGC,1
807,GAGTGTGTGTGAGC,1
808,ACGCCCCCTGCGTG,1
809,CCCCCGCGCGGCCT,1
810,GGCCGTCGCGGCTG,1
811,TGGCCAATGCGGAG,1
812,GGTGCAGACCCAGG,1
813,GGGGAGGAGCGCGG,1
814,GTGGGTGGTGCATG,1
815,CCCGTTTGTCTGAA,1
816,GGGACCCCGTCGCA,1
817,CCCGGGGGCCCGAG,1
818,CGAGCCCGGAGCGC,1
819,GGCGGGGCTTACCT,1
820,GCGGGGCGGGGCGC,1
821,GCTGATACCGAGAG,1
822,TGGGCTGAGGGGAG,1
823,TGCGGAGTCAGGCG,1
824,GGGGGCGGGCGCGA,1
825,GGCCTCTGCGAGCT,1
826,GGCGGAGGCGGGGC,1
827,GGGAGGCGTGGCGC,1
828,CGGGGGCGGGGCCT,1
829,CGCGCCCACCACGG,1
830,TTTCCCCCCCAGGG,1
831,AGGCGGCCGCGGGG,1
832,GCGGGGCGGGACTC,1
833,GGAGGAGGGGCGAG,1
834,AGGGGAGGGGGACA,1
835,CCCGAAAGGGGGCG,1
836,CGGTAGCAAGCCGC,1
837,CGGGGCCGAGCCCA,1
838,GCGGGCTTTACGGC,1
839,CGCACTGACCTCCC,1
840,ACTGAGGAACTTTG,1
841,CCAGCCTGAACCGG,1
842,GAGCTGGTCCCGTT,1
843,GGCGGAGCCGAGGG,1
844,CTGCATTGTGGGGG,1
845,CCGCGCTCACTTCC,1
846,GGCTGCGGAAGGCG,1
847,CCCCCCTCCCGGGG,1
848,CCCGGGGGGGCGGG,1
849,GGTAGGATTAGATC,1
850,GGCCGGCGGGAGGC,1
851,CACGCAGGGGGCGT,1
852,GCCACACCATTGGC,1
853,GGGAGGGGCGCCGC,1
854,CCCCCCTACCCCCT,1
855,TTGCGTTGGGATGG,1
856,GCTGGCGGGGAGAG,1
857,AGGTGGCGGCGGCC,1
858,AGGCCGCGGCGACA,1
859,ACCCCTCCCGCGGT,1
860,GCGGAGGCGGAAGC,1
861,CCAGGGACTGGGGC,1
862,CGGGATACGTGCTG,1
863,AGGGGAGTCACGTG,1
864,GTGGGCGGGGTTTC,1
865,CGGCGAGGAGGCGG,1
866,GAAAACAAAGGCGG,1
867,TTGCTAGGGCCGAG,1
868,CCCGGACTGCCGGG,1
869,AGGAAGGCGGGAAG,1
870,CCGGCGCGCGCGGC,1
871,GGGGTGGGGCCGCC,1
872,GGGGCGGGGCGGGG,1
873,GCCGGGGGAGGAGC,1
874,GCCGGGCTCGCAGG,1
875,CAGTTGGGTTTGCA,1
876,GCGGGGGCGTTGCT,1
877,GGGCGGGGCCAGCC,1
878,GGGGGCGGGGCCGG,1
879,GAACTCAGTGAGGG,1
880,AAAGCTAGTAGCTG,1
881,GCGACACCGCCCCG,1
882,GGTTCCTGCGCGCG,1
883,TGGTCACCCGATGC,1
884,CCTCCGGCACCGGC,1
885,AAGTTCTTTACAGA,1
886,GGAGGGGCCGGGGG,1
887,GGGCGCCCGCGTCG,1
888,GGCGCGGCCCGTCT,1
889,AGTCTTCAGCACTG,1
890,GCGGGGCATTGCCA,1
891,GCCGGAGGAGGTGG,1
892,GGGGCGGCGGGCGG,1
893,GCGGGGCGGGGCGG,1
894,GAGGGCCCCTTCCC,1
895,CAGAGTGCGAGGGG,1
896,GAGGGAGAGAAAGA,1
897,GCGTCTACATCCAC,1
898,GGTGCTCAGGGAGG,1
899,AGCGCCGCGGCGCC,1
900,CTGGGCGGTGCCGG,1
901,CTGACCCCTGGAGG,1
902,GCGGCCACCGGCAG,1
903,GGCGGGGCCGGGGC,1
904,CTCGCGGGAGCCCC,1
905,GGGGGCGGGCCAGG,1
906,GCGGAGGGAGAGCG,1
907,CGTGGCATCGGGGC,1
908,GGGCCTAGGGCCCG,1
909,GCGGGAGGGGCTTG,1
910,GCACTTAAAGGGCC,1
911,ACACCAGGTAGGCG,1
912,TGTCGGCGTCGGCG,1
913,TTGGCCAGAGCCCG,1
914,AGAGTGGAGGGAGC,1
915,GGCTGGCTCAGAGT,1
916,CCCGCGGGCTGGCG,1
917,GGGGGGAGGGGCAG,1
918,CGAGGGCCGGGGGA,1
919,CATTTCTCGGGCTG,1
920,GAGCCAAGGGCCGC,1
921,GCGAGCGAGCGCCC,1
922,CCCGGGAAGGCAAC,1
923,CGGGCTCCGTGGCA,1
924,CGGGGCGAGGCGCA,1
925,ACGGCGGCGAGCGC,1
926,TGGCCCGTTGCGTC,1
927,GCCGGCCGCGCAGG,1
928,GTGGCGCGGAGGAG,1
929,TCCTTTAAGCGGAC,1
930,GTTTGGAACTCGCA,1
931,CGGTGCTAAAAGCA,1
932,GCGCGCAGAAAAGC,1
933,GCGGGCCGGGGCGG,1
934,GGCCTTCCCTGCAG,1
935,AGGTTTCGAGCCCG,1
936,CTCCTGCTGCTGCT,1
937,AGGTCTTCAGGCAC,1
938,CTGAAGAAAGCCGA,1
939,GCCATCGCCAACTT,1
940,GCAGGGGTAGTCCT,1
941,TGGTGAGTCCTGGC,1
942,GCGCGCTTGGCGGC,1
943,GTCAGACTCGGGGG,1
944,CCGAGAACGCGGAA,1
945,AGCCCATTGGCCCG,1
946,GAGGGAGGGATTTA,1
947,GGAGAGCGGGCGGC,1
948,GCGAGGACTCGCGT,1
949,GTGACTGGCGTGAA,1
950,TCATGTGATCTTCA,1
951,ATTAGGTCAGCGCT,1
952,GGGGCGGGGCAGCG,1
953,CGCTCTCGGCGGCG,1
954,AGTTCTCCAAAGGG,1
955,CCGGATCAGGCCAC,1
956,GGCGGCCGAGCCGG,1
957,ACTCCTGGGCACCC,1
958,GGCGGGGCCAACAG,1
959,GTCTAGGAGTGCGC,1
960,CCCGGCGCGGGCTT,1
961,CCGGATACCTTCAG,1
962,GCCGAGAGGGGAAG,1
963,GCGGCGGGCGGCGG,1
964,GCTTTGCGTGGGGG,1
965,TGGCGGGGCCGCGG,1
966,GGTGGGGTCGAGCG,1
967,CCCCGACTTGGACG,1
968,GGTGATGTAAGGCC,1
969,AAGTTAGGGGAGAC,1
970,ACCATCGCGGAGGT,1
971,CGCCGAGCAGACCT,1
972,GTGGCGGGACCGCC,1
973,TACCCAGGGGAGGA,1
974,GGCGGGATTAAGGT,1
975,GGACTGGCGGGCGG,1
976,CGCCACCGCCACGA,1
977,CCGAGGCCGTGCCT,1
978,GCCCCGCCCCTGGC,1
979,CGAAGGAGCGGAGG,1
980,CGTTGTTTCGGCGC,1
981,GACGGGAGCGCGCC,1
982,CCGCGCTCACTTCC,1
983,ATGGTGATTCTGAC,1
984,AGCTCGGGGTAGGA,1
985,AGCCGCGGCGCCCC,1
986,TTGAAGCATAAGGG,1
987,CAGCCCCCGCGGCG,1
988,AAGGCAGGTGGGGA,1
989,CGCAGAGAGGGCGG,1
990,CCGGGCAGCCAGGC,1
991,CGTGGAGGGGCGGG,1
992,GCTCTGTCCTCCAT,1
993,CAGGACGGGGCCGA,1
994,GACTCCCGATTGGC,1
995,GAGGCAGGGCGCGG,1
996,CCGCCCCCGCCCGC,1
997,CTCTGGCGGGCGGG,1
998,GGCCGGAGGCGCAG,1
999,CCCCAGCTGCGCCG,1
1000,GATTAGAAAGACTA,0
1001,GAGGGGCCTGGGAA,0
1002,CAAGCACTGGCTGA,0
1003,CAGGCTGGAGTGCC,0
1004,GGAGGATGGCTTGA,0
1005,CGCAGAAGGTTGCG,0
1006,CACGGCTGCTGCTT,0
1007,GGGAAGAACCCAGT,0
1008,ACTTGAGAAATCAA,0
1009,ACACTAAATTGAAA,0
1010,GTAAAAACCCCATC,0
1011,TATTATATCATTGT,0
1012,CAGACAAAAGCTCA,0
1013,AGGCGTGAGCCACT,0
1014,ATTACTTTTTCAGC,0
1015,AGTGATGTCAATGT,0
1016,TTCCTATACACCAA,0
1017,TTGATCTTTAATCT,0
1018,TCCCACAACCCCCA,0
1019,GTCATAGATGGCTC,0
1020,TAGAACAATACTTG,0
1021,CCCCCAACTTTTGC,0
1022,TAAACGGAATCTTA,0
1023,TCTGAGCCCTCCAA,0
1024,CATTTTTAGATCAT,0
1025,AGTTGTCACCCGAC,0
1026,AGAGAGTGAATGAT,0
1027,ATAAGATTTATCAC,0
1028,GCATAATGGGGAGG,0
1029,AAAACAGAAGACAA,0
1030,AGAATCTACAATAA,0
1031,ATTTGAGTGTAGTG,0
1032,ACAACGATGACGAT,0
1033,TAACTTCAAAGTCA,0
1034,GAGGAATTGGGAGA,0
1035,ATTCTTTGCAAGTT,0
1036,CCAGATGCCTGTCC,0
1037,ATTATGTTTTGTAA,0
1038,GGGATTACAGGCAT,0
1039,AAACTGTTCCAAAC,0
1040,GTGAGAACATATGA,0
1041,TTTAGGTTTTCTAG,0
1042,AAATCTTGTGTACT,0
1043,TAGACATTTCCCAA,0
1044,ACTCCGGAGGTAGG,0
1045,CTGTTGCCCAGACT,0
1046,TTAGTAACATGTAA,0
1047,CATGTTCTTTGGGG,0
1048,TGAAGAGAAGGTGA,0
1049,ACCATTACTTCTGA,0
1050,TGCCTAAGATTTTC,0
1051,AAAAGCTGGGCATG,0
1052,ACCCAGGTGCCTTC,0
1053,ACTTGTAATCCCAG,0
1054,CCAATGTCACCTCC,0
1055,CCATGCCCGGCAAT,0
1056,AGGCATGATATGGA,0
1057,TCCATCCCCCGGCC,0
1058,TCTTCTGATTCTGT,0
1059,AATGTGCTGATGGA,0
1060,AATAAATACTCTTG,0
1061,AGGCGGGACAGTCC,0
1062,AGCCCTCCACAAGT,0
1063,GCTGGAAGCCACCT,0
1064,CAGAACTGTGAGGG,0
1065,ACGGTCGTAGCTGT,0
1066,CCCTAATAAGCCAT,0
1067,CAGTGATTTACAAC,0
1068,ACAAATGTATAAAT,0
1069,AGCCACCATGCTAG,0
1070,ATTGTATATCTAGA,0
1071,CCATTAACAATAGA,0
1072,GATTATAAATTCTA,0
1073,TATTCCCCTTCCTG,0
1074,CCCACCCATGTACG,0
1075,CTTGTAGGAGTAAG,0
1076,CAATAGCTAGCTTC,0
1077,TTTTTTATTATTAT,0
1078,GAGAGTGAAGTTTC,0
1079,TTCTGTTTTATTTA,0
1080,AGGCTCTGAGAAAA,0
1081,CATGCGCTTACTCC,0
1082,AAACGATAAAGGAA,0
1083,GTCTCACTCTGTCA,0
1084,GCTAAGTTCGTGCT,0
1085,GAAGAAATTAGAAC,0
1086,GAGTCTAAACAATA,0
1087,GTCAAGTGAAGGAA,0
1088,TCCTATTGAAGAGA,0
1089,GTGGGTATCACCGT,0
1090,CTTGAAGACATCAA,0
1091,ATGTTCTCTTTATT,0
1092,GATCATGCCACTGC,0
1093,TTCCCCCCACCCCA,0
1094,CAAATGCCCACCTA,0
1095,TCCCGCCCGCTGCC,0
1096,AGAGAACTTCACAG,0
1097,TCTCATGTGGCCCA,0
1098,AACAAAATTTGAGA,0
1099,TTAAGGTAGTGAAC,0
1100,GAGGAACGCCACTA,0
1101,ATCTAATTAAATCT,0
1102,AGGTGAAGCAGAGT,0
1103,GGCATCATACTCAG,0
1104,AGCACCTCACCAAA,0
1105,GTTCTAAGTGCTTT,0
1106,TAAGTTTTTGGGGG,0
1107,CCTCAAGTTACAGT,0
1108,GCCTAACTCTGCTG,0
1109,GGGGTTTCACCATG,0
1110,GGCCAAGTAGGAGG,0
1111,TGGGAACCTTGTGA,0
1112,AGTGAAAGTGTCCT,0
1113,AGGGAGAGAGGACC,0
1114,CGTCTTACATGGTA,0
1115,ACAAGATGATTAAT,0
1116,CTCCTGGCCTCAAG,0
1117,AACTAAGTTAGAGC,0
1118,TGAAGTACCCGGTG,0
1119,CCATAGGGTCTGCA,0
1120,GCTGTACTCTTAAA,0
1121,TTCATTCATACATT,0
1122,TCCTATAAGAGTCT,0
1123,TGTTCACTCAATCA,0
1124,GCTTGGGGAGCCCG,0
1125,TGGTGCATGCCTGT,0
1126,TAAAATGTACACAA,0
1127,TTCAAATCCTAGTT,0
1128,TGTCTTTAGGATAT,0
1129,AATAAATCATGCAG,0
1130,AAACACCCACCGCC,0
1131,TTCTATGAATAGAG,0
1132,CCATTTTTTTCCCC,0
1133,CAGGAGTTCAAGAC,0
1134,TAGTAAAGACGGGG,0
1135,GAAAAAGTACAAAA,0
1136,TGAGCCTTGGGATG,0
1137,GGCACTAAATCTCT,0
1138,GCTTTTTGAGGCCT,0
1139,AGATGTTTGCAAGT,0
1140,CGTGGCTGGAGACA,0
1141,TTAGCTCTGGAAAG,0
1142,AGGTGCCATCTTCC,0
1143,GATCAACAAAATTG,0
1144,AGTTTGTGTTAGTC,0
1145,ATGGAGCTAAAATC,0
1146,ACAAATCTAAACGC,0
1147,CCCCATCAGTTGTT,0
1148,ATGTTTCCCTAGGT,0
1149,ACTACAGGCACGTG,0
1150,TCCCAGCATGCTCA,0
1151,GAGAAACCAAGAAT,0
1152,CATACACACACACA,0
1153,ATTGCATGGGACAT,0
1154,GGATCTGCAGAATA,0
1155,CATTCTTGTCTCCA,0
1156,TGACCCAAGTTCAG,0
1157,CTGTTTGCTTTAAG,0
1158,ATTGTTATCCCATA,0
1159,ACACACAAACACAC,0
1160,CCCCTTCTTATGCT,0
1161,GTCTGACCCTTAGT,0
1162,GGCTCTGGTTCTGA,0
1163,TTATTTGTCTATTT,0
1164,GGCAAGAAGACAGC,0
1165,TCTGGGCCAGAAGA,0
1166,GTCTATTTCCTGGG,0
1167,TAGTCAGCAGGTGA,0
1168,AAAATCAGAGTAAC,0
1169,AGCCTCGACTCCCT,0
1170,GCAGGAGGGGGAGG,0
1171,GTTCTCCATGGTCT,0
1172,CATGGTCTCCCCAG,0
1173,ACCCTTTAGTGGAA,0
1174,TATTTTTATTGCTA,0
1175,AGTAATCTTGCCTC,0
1176,TGAGCTAAGGCAGC,0
1177,ATTGGATCTATAAA,0
1178,TCAGACTATAGTGG,0
1179,TTTATAATGTGTAA,0
1180,AGTGTATTGGTACA,0
1181,TCATTTATCACAGG,0
1182,GAGCCAGACATGGT,0
1183,GCTGCTTTTAAAGT,0
1184,CTCAAATTCCTGGG,0
1185,ACAGGTGCCTCCAG,0
1186,ATAAATTTATGTTG,0
1187,TCTGATTTCTTTAT,0
1188,AACTTTTTCTTTTT,0
1189,GTGCCAGTAACTAG,0
1190,TTGAACCTTACTAA,0
1191,GGCGTGTTCAAGAC,0
1192,ATGGAGGAGATTGT,0
1193,CAGTCATGATTCAT,0
1194,TGAAGCCACTTTAC,0
1195,ATGCAGACTGGGCA,0
1196,CCCACAAATGTATT,0
1197,GACTACTCCAATGC,0
1198,ACTTGTTTGACTTC,0
1199,TTTGGTCTCTCAAT,0
1200,TGTGCTGCAGTATA,0
1201,GGAAAGGAAATGTT,0
1202,GTGAAAACAATTGA,0
1203,GTCCCAGCTACTTG,0
1204,ACCTGAAGGTCTAC,0
1205,TGTTGCCATGTTAA,0
1206,ACTCCATTCTTATT,0
1207,AATTAAGCAAGTAT,0
1208,TTAACATCATTGCA,0
1209,ATGGTATCACAGTG,0
1210,AAAGGTTTTAAAAA,0
1211,GAGTATGTAGTGAG,0
1212,GCATCTGAGACAGG,0
1213,CTGCCAGAAGGAAC,0
1214,TGCTTTATTTACCT,0
1215,TATTCTTATCTATT,0
1216,AAACTTTTGAGGGA,0
1217,AAAGTTTCACTTTG,0
1218,AGGGGAGTCTGCTC,0
1219,AGCCTGTTCGCACA,0
1220,AGAGCAAAACAAAA,0
1221,CTTAGTCTCTCATA,0
1222,GTAGGCTTTGCAGT,0
1223,TAGACTTTATCAAC,0
1224,TCCTGTCCATTCCC,0
1225,TGGGATATAACACA,0
1226,CATGTCAACCATTC,0
1227,AAAAAATACCCTCT,0
1228,GTAAGATTTTGAAC,0
1229,TTTTGTAGAGATGG,0
1230,TATTCTTGGCAACC,0
1231,GGCGCTGTGGTGTA,0
1232,AACACATGCACATC,0
1233,TTTTAATGTAGTAA,0
1234,CAGTCTCTGGTTTC,0
1235,GGCCATAAGTGAAA,0
1236,TTACTTGTTAAATA,0
1237,CAATGCACATTAGA,0
1238,ATTTCTCATTCTGG,0
1239,CCATTACTGGGTAT,0
1240,ACCATGCCCGGCTT,0
1241,CGCCTGGCTAATTT,0
1242,TACACAGTATTATT,0
1243,AGAAAATACCGGCC,0
1244,CTGAAAGACAACAG,0
1245,AACCACAGCTCAAA,0
1246,AAGGCTGCTAATAA,0
1247,TCTATTTTCTTACT,0
1248,ACATTATTACCATA,0
1249,CTAGGTTTCTTTCT,0
1250,AAACAAGAGCCCAG,0
1251,GTTAAAAATGATGC,0
1252,ATACTGTGGCATTC,0
1253,AAAAAACAATTAAG,0
1254,TTGCAAATGTGAAA,0
1255,ACAAAAATTAGCCG,0
1256,AGCATTCTCATTTC,0
1257,CAGAAAATGCCGGA,0
1258,GTGATTCCTAAATA,0
1259,GAGGCTATGCAAAG,0
1260,GAGTCACAATGTTA,0
1261,CGCTGCATGGTGGC,0
1262,TTAGCCAGGATGGT,0
1263,CTTCATCCCTCCAG,0
1264,TCTTTCTTATTTCT,0
1265,AATTATAAAATATA,0
1266,AACCCTGTCAATGC,0
1267,TCATGCCGGTAATC,0
1268,TGGGATCTGAGTGA,0
1269,ACTTAAAACAATGT,0
1270,CAAGGTTGCTCAGC,0
1271,ACAATACATGATAA,0
1272,AAATAAATTGCATT,0
1273,AGAGAGCTTGGAAG,0
1274,CTAATTCAAAACCT,0
1275,GGGTAAATAAGCCA,0
1276,CCTGGTAGACATTC,0
1277,ACTCACGGTTCCAC,0
1278,GAATGACAGTCTTT,0
1279,TACATTTTTATGAA,0
1280,GCACATGCCCTGCA,0
1281,GTTTTCAGCTTGAA,0
1282,TTCACAAACTCTGT,0
1283,GGTGATTTCTGCAT,0
1284,GCGATGTTCCCACC,0
1285,TACCACAAACTTAG,0
1286,CTTCAACAAACCAA,0
1287,TATCTCAGTACAGT,0
1288,CCAGCTTTTGCCCA,0
1289,AAAAAAAAAAAAGA,0
1290,GAATAGGTGCTATA,0
1291,TCTAGAAGATCCCC,0
1292,CTCATGCTGAGAGT,0
1293,GCTAGAACCCTGGC,0
1294,CACCAGCAGAAGGC,0
1295,CCTAACTAGAAGCT,0
1296,ACTTATTTACTGCT,0
1297,GATGTCTGTGACAC,0
1298,TCTTAAATAATTCT,0
1299,GGGGATTAAGTTTC,0
1300,GCCTTAGCTTGCTC,0
1301,TTTTCTGACATGAC,0
1302,TTTAGAATTAAGAT,0
1303,GAGCTTTCTAGTGG,0
1304,ATAAAATTGGAGAC,0
1305,TCAGCAGCTACTGA,0
1306,CAAACAGGTCTATA,0
1307,AGCCCAGGAGTTTG,0
1308,AAAGAATAAAATGT,0
1309,CAGTCATAGCTGAT,0
1310,TGATGGGACCGTTT,0
1311,TATTAATTATTTGT,0
1312,ACTGGGTATATACC,0
1313,TTTGCATATTAGAG,0
1314,ACACACACACACAC,0
1315,ATCAATATATTTAT,0
1316,TTATGAGTGAGAAC,0
1317,TATAATATTAGCAA,0
1318,CATACCTGGCTAAT,0
1319,TTTGCTGAAGTTGC,0
1320,GTTCTTTCTGTTCT,0
1321,GTCAGCAGTCATGA,0
1322,CTTGGTTGGAGGTG,0
1323,TACCATCCATAATG,0
1324,TTACAGGGAGGCAT,0
1325,GTTTCCATTTGAAA,0
1326,AGGTAGAGAGTCCC,0
1327,AAATGGTGCTGGGA,0
1328,TGATCAGCCTGGGC,0
1329,GGTGACCAGAGGCT,0
1330,CACGTTTGTGTGCA,0
1331,TAGTCCCAAACTCC,0
1332,TCAGGAATCTCCAT,0
1333,GTGAGCCATGATCA,0
1334,GGTAGAGGGGGAAA,0
1335,TTAAGTGTAAAAAA,0
1336,CACCTCCCGGGTTC,0
1337,GGGAGCTTTGGAAT,0
1338,CAATGCAGTTCATA,0
1339,GCTGGGACTACAGG,0
1340,GCAGTACAGGAGCA,0
1341,TTGAGGCTAGGAGT,0
1342,TTTTTGTATTTTTA,0
1343,TAGTTTACTAGTTT,0
1344,GCCTCAGCCTCCCG,0
1345,CTTCTAAAACCAAA,0
1346,AGAAGTATTTGGCA,0
1347,AGATAGAGAACTCA,0
1348,TTTAGTAGAAACGG,0
1349,GGATTTCTTATTTG,0
1350,GTTCAACATACGCA,0
1351,ACTGATTGATCATT,0
1352,CACCCGGTCGCCAC,0
1353,CGTTAAAAAGTCAG,0
1354,TATTAATTGGTCAT,0
1355,CATGATAGATTTTT,0
1356,CCTTCATCAGCAGA,0
1357,TCGTTCCAGAGAAG,0
1358,CTGCAGGTGAGGGT,0
1359,AATACTAGGTCTTA,0
1360,TCCTCTTCCCTTTC,0
1361,GTGGGTGACCGTAT,0
1362,TAATTACAGTATTG,0
1363,TATTCACTTTAAAA,0
1364,TTAAAATTCCCTTT,0
1365,GCCCCTCCCTGCCT,0
1366,TAGTCCCAGCTACT,0
1367,GTTAGTTTTTCAAT,0
1368,TTATTACAATCAAA,0
1369,ATGACTAGCTGTTT,0
1370,CTTACTTTTTTTCT,0
1371,TTGTAGTGAAAGAT,0
1372,AATATAACGTATCA,0
1373,GCAGGTTCCTCATC,0
1374,TTTGAGACCAGCCT,0
1375,GGGCACTGCTCTCA,0
1376,CTATACTTATTCAC,0
1377,GGCACAATCTCAGC,0
1378,TTTAACATCTAATT,0
1379,TTAGATGTTCTGGG,0
1380,TGAGTCAATCCCAC,0
1381,CTATCTATCTAGAT,0
1382,CTTGTACCTATTTC,0
1383,ATTCCATTAAATAA,0
1384,GGTAATTACAAATG,0
1385,TGACCTCTTCAAGG,0
1386,GTGTATATATACAG,0
1387,AGGTTAATGAACTG,0
1388,GAGGCAGGAGAATC,0
1389,CATTTAGAAGCAGC,0
1390,AAGTCTTTGTGTGA,0
1391,TGAAAGGAAAGAAA,0
1392,AAGTTCAAGACAAG,0
1393,TGGATATTCTCAAA,0
1394,GCCCATCAAAAAGC,0
1395,CAAAATAAGTTATT,0
1396,TCTTCTTAATTCAA,0
1397,AAATCCAACAGATC,0
1398,TACTAAAAATACAA,0
1399,ACCAGCCTGGCCAA,0
1400,AGATTCTAGAACAG,0
1401,CCCATGATCTAAAA,0
1402,AGCCCCTGTCTTGC,0
1403,TTGCAATTGTATTT,0
1404,GAGGGCCACCATCC,0
1405,TCCCTATAATCCCT,0
1406,ATCCATCCCTTAAA,0
1407,TTATGAATACATGT,0
1408,TATCTCATTATGGT,0
1409,TATACATCCACTTA,0
1410,CAGGCTAGTCTTGA,0
1411,AACCTGGCAGTTCC,0
1412,AAAATCTTGAATAA,0
1413,TCCTGATTTTCCAC,0
1414,TGGCTAATCAGGAA,0
1415,TCTTCCTTGGCTTC,0
1416,GCCCCACCTCTGAA,0
1417,GCTCTGGAAGGATC,0
1418,AGTTGTCATAATTA,0
1419,GCAGCAAAGGGCTG,0
1420,TAATTTTTGTAGAG,0
1421,TGGAGAACAAAGTG,0
1422,AATGCTATCCTTCC,0
1423,ATAATTGTCAGATG,0
1424,CCTTCCTTCTCCAT,0
1425,TTCCTCCCCTTTTT,0
1426,CAACATGTTAACAT,0
1427,AAAATACCATTTCC,0
1428,TGATAATGTCTAGA,0
1429,ATTCAAGGCTGATG,0
1430,ACTCCAGCCTGGGC,0
1431,TCTGACAAAGGGCT,0
1432,CCATTTTACACATG,0
1433,TAGAGAAAGGGTTT,0
1434,TCTCCACCATTCTG,0
1435,AGGGCATTTATCAA,0
1436,TTCCAGTCCCTATT,0
1437,TGGGAAGCTTCCAG,0
1438,TGAACGAGGGAAGA,0
1439,GTGGTGCAATCAAG,0
1440,ATTGTATTTATGAC,0
1441,TCTCAGGTTTAGCC,0
1442,AAAACAGAGAGCAG,0
1443,TTCACCCTGGCATT,0
1444,TCCAGGGGCCCCCA,0
1445,TAAATTTACCTCAT,0
1446,GCGCAGGCCGCCGA,0
1447,TATTTTAATGAGGT,0
1448,AAATTTATTCATAA,0
1449,TGCCTGCAGCTTTC,0
1450,GGAATAGGAACAAT,0
1451,TTGGCCGGGCAAAG,0
1452,GAATTTAATGATAC,0
1453,ATCTTAGGCCCTAT,0
1454,CAGCTACTCGGGAG,0
1455,ATATCCAAGACTGC,0
1456,AAGGTTTTGGAAGT,0
1457,CATTAAGACACTAG,0
1458,ATCTATCTCTCCGA,0
1459,TATAAGGAGAAGGT,0
1460,AGATTTTGTTTAAA,0
1461,AAAAAGTAAGTTAT,0
1462,GCGCCGTCCGGCTC,0
1463,TTCCATTGATATGT,0
1464,CACTTGATTTAAAT,0
1465,TGAAAATTTCAAAA,0
1466,ACTAATAACTATCT,0
1467,AATCATAGCCACTA,0
1468,ATTCTCGTTTATGG,0
1469,TTTATAGAAAAAGT,0
1470,CTTGGCCTCCCAAA,0
1471,AAATTTTTTTTCAT,0
1472,ATAATGTGAAGACC,0
1473,AATATGTCACCAGG,0
1474,TTTTGGTGATGAGG,0
1475,TGCCGCAGCAGGAG,0
1476,TTAGTGACCAGAAT,0
1477,TGTGTGGTTTAAAT,0
1478,AGGTAGGCTTGAAT,0
1479,AACTTATGAGTATA,0
1480,ATATTGTTCTTCAA,0
1481,GGCATGGGGACTTG,0
1482,CAGAAAACCCTTTG,0
1483,GATCTTCCAGATTG,0
1484,TTCAGAATTACCAC,0
1485,CAATGTAATGTGGT,0
1486,GCATAGTCCTTATT,0
1487,CAACACCCCTTTGA,0
1488,TGGGAGGCCGAGAT,0
1489,AGCTAATACATTAC,0
1490,CCTCATTTTAAATA,0
1491,AAACCTACCCCCAG,0
1492,CTTTCACTGAGAGC,0
1493,TTAAATGGGCTCAA,0
1494,TGAGAAATACTTGT,0
1495,AACAGGGGTAGGCA,0
1496,AGAAGACAGGCGAG,0
1497,AATGATGGTTTCCA,0
1498,CATACACAATTTGA,0
1499,ATAAGACACCGAAA,0
1500,TTGGAGACCAGCTT,0
1501,GCTGCTGAATTAGG,0
1502,ACTGGGCAATTTAC,0
1503,CAATACTGATTATT,0
1504,TTGAGCCTCTGGAT,0
1505,GGGCATAGTCCCAG,0
1506,TGGGATTACAGGCG,0
1507,CATAAGAAAGATTA,0
1508,CTGGGACTACAGGT,0
1509,TCTTACATTTATTT,0
1510,CCTGGCTCAAGCCA,0
1511,CCGGTCCCACACAG,0
1512,CACCGGCCTCTTAG,0
1513,GGGAGGTGGGCCCA,0
1514,TGGAGACCATCCTG,0
1515,CAAATGGCAAGAGT,0
1516,TTGTTCCTAATGAG,0
1517,AGGACGCGTGTCGT,0
1518,AGGGGGATAACCCG,0
1519,GAAGTTGAGGCTCA,0
1520,TAAGCATGGCATCC,0
1521,GTAAAAGTGCTTTC,0
1522,CCCTCTCACATCTC,0
1523,TCCTGGACCTGGTA,0
1524,GACTCAAAAGGCCC,0
1525,TACTAGAAATACAA,0
1526,TAGTCCTAATAATT,0
1527,AAAGACAGAAAGTA,0
1528,CAGTGGCTCACACC,0
1529,AGGTTATCCTTAGT,0
1530,TACTCGGGAGGCTG,0
1531,ATGCACAAAGGGCC,0
1532,TTATAGAATCCAAA,0
1533,GGGTTCAAGCGATT,0
1534,TGTGTGTGTGTGTG,0
1535,TCAGACCACAGTGG,0
1536,GAGTGTTTGCTGTC,0
1537,CAACAAAAAAAACT,0
1538,CTCCTGGCCCCAAG,0
1539,AGGATATTTTCCAG,0
1540,AAAGCTCCTTATAT,0
1541,TGTGAGTTGGATTA,0
1542,ATTACAGGTGTGAG,0
1543,TCAGCCCAATACAA,0
1544,TATAGAGTTATGTG,0
1545,TGCACGCCTGCAGG,0
1546,TAGAACAAATGTCC,0
1547,AACTTTCTCTTTTC,0
1548,AAGACGTGATTCGC,0
1549,GTTTCATAAAGAAA,0
1550,TGCCCTGTCTGGTA,0
1551,TGGCCAACATACAG,0
1552,GATTGTAGGTGTGA,0
1553,TATTTGATGAATGA,0
1554,ATTATATCAAGTAA,0
1555,TCTCAGACCACAGT,0
1556,TCTGTAAATGGCCT,0
1557,AAAAAAATACTCAG,0
1558,TTTCTAGTAACTTA,0
1559,GCTTTCACATGCCA,0
1560,GGAAAGTACCCTCC,0
1561,TAAGAAAACCACCA,0
1562,TCGGAAATAGCAGT,0
1563,ATTTTATTTCCCTT,0
1564,GTGGTGATTCCTCA,0
1565,GAAAGTGCCTGCTT,0
1566,TTAGCGCTGGAGAC,0
1567,TGTGGCAGCACTCG,0
1568,ATGTAGACATATTT,0
1569,AATTTGGGGTGACT,0
1570,AATTCAGGAGTTTG,0
1571,AATATACAATCTTC,0
1572,CATTTGTAATTGCT,0
1573,CAGCCCCTATTTTT,0
1574,TTGGTTCTTATGGA,0
1575,TTAACCAACTCATA,0
1576,TGTCTATTAGGCCT,0
1577,GAGGCAGCATATGT,0
1578,CCAACTTTGCCAGG,0
1579,GTATTTCCAACATG,0
1580,GCTTGTTCTTCTTG,0
1581,CATTCACTAGTTGT,0
1582,TAAGCAATTCCGCT,0
1583,CATGATATTGGCTA,0
1584,TTTTAATTACATAT,0
1585,ACAGCCAGGTCGCT,0
1586,TTATATAGCTGAAT,0
1587,TATTCAATTAGGAA,0
1588,GATTTTGATTGCCT,0
1589,TTAGTAACAGAATC,0
1590,ATGCTTCTATATCA,0
1591,CTGCAAAATTAAGC,0
1592,TGTTTTCGTATTTT,0
1593,TTGTCAAACTTTCT,0
1594,CTTGCCTAAGGGTA,0
1595,GCTTTGAGACTAGT,0
1596,AACGGGCAGACTGC,0
1597,TACTAACTCACTCT,0
1598,GTATGCACTGACAG,0
1599,CCCATTGTTTTCCT,0
1600,TCGCGCCACTGTAC,0
1601,TACATGGGGCACAG,0
1602,AGCTGAGGTGCTTT,0
1603,GAGAAAAAAATTCC,0
1604,GTCATCGCTGTTGA,0
1605,TTTTTCTCTCATTT,0
1606,AGATTTCTGCACGA,0
1607,TATGTCAAGTACTC,0
1608,TCAGAGCTCGCGCT,0
1609,GCATGATGCTTTTT,0
1610,CATAAGATTCTTAG,0
1611,TTATTGATATCCAA,0
1612,GAGGAGCCGCGGCT,0
1613,TGCCATGGATGCCA,0
1614,TGGTATGGTATGGT,0
1615,CTCTGAGTGTTTAC,0
1616,CAGAAATCCCAGCT,0
1617,ACTCATGATTTGGC,0
1618,TCACTGTGGAGAAC,0
1619,TTGGGCAAAATTAC,0
1620,CTTAACTCATCCCA,0
1621,AGGTGAAGAATTCT,0
1622,AGACTAGATGCATT,0
1623,TTAGGGGACTGATA,0
1624,ATGAAGGATAACTT,0
1625,AAGATATGCCAATG,0
1626,TGAAGAGTTAAGTG,0
1627,CTCTTCTCTCTATC,0
1628,CAATTGTTAAGCAT,0
1629,GCATGTGTTTCCCC,0
1630,GACATAATGCAGTA,0
1631,AGCACTTTGTATAT,0
1632,GTGCACAGCCCAGG,0
1633,TTCAGCATCACAGT,0
1634,CCCTGACTTCTACC,0
1635,TGCTGGCGCATGCC,0
1636,CCAGCTAATTTTTG,0
1637,AGAGTTGATCTCAT,0
1638,GAACTAATATTTGA,0
1639,GTGTTTACAGGGGA,0
1640,CCTCCATTAAAACT,0
1641,CGGTCTTGGAGCTG,0
1642,ACATAGTCATGGTC,0
1643,GTCTCAGCACTTTG,0
1644,GGAGTTATTCCTTA,0
1645,TCATAGACCCAGGA,0
1646,AAACCCGGGTTCTC,0
1647,GGTGTGAGAAAATT,0
1648,AGATATAGAAACCC,0
1649,ACTCCTCACACCAA,0
1650,TTGGATTTATATGT,0
1651,TAATATGTTCATAT,0
1652,CTTACAGCTTATAC,0
1653,TCACAAAGGTGTCA,0
1654,TGAGGAGATCTCCA,0
1655,ATTTATTTTTTCTT,0
1656,CAACACACACCTGA,0
1657,TGTATGTTTATTGC,0
1658,GCATTTATTACCAT,0
1659,GTCTGAAACATTTA,0
1660,ATTACTTTGTAATT,0
1661,TTATCACTCATTTA,0
1662,ACCACCCAGAAAGC,0
1663,TGCCTGTAATCCCA,0
1664,AGGTGGCTTTCCCC,0
1665,ATCTGCTGGCACCC,0
1666,GACTATGCAGTCAA,0
1667,AGTGCAGTGGTGCG,0
1668,TATTTATCCTGGAT,0
1669,TCATAAGCAGACTT,0
1670,TACATAGTGATGCC,0
1671,ACTAGAGTACAAAC,0
1672,ACTCACTGGAAGGA,0
1673,GTTTTTTTTTCATT,0
1674,CTGTAAAGACTTTA,0
1675,GCGGAGCGAGCGCC,0
1676,TTGAAATGATATCT,0
1677,TAATTGACATTGCT,0
1678,TTTTGTAATAATAT,0
1679,CTCTGTGCTTCTCC,0
1680,AAGGAAGAACCCAG,0
1681,GCTTCTGGAACATG,0
1682,CGGTGAGCTGAGAT,0
1683,GGAGGTAACTTGGC,0
1684,ATATTTCCAGAGGC,0
1685,GGATTACAGGCGTA,0
1686,CAGTGCTTATGGTA,0
1687,CCCGCTGTCTTTCT,0
1688,GGAAAGAAGAGTCC,0
1689,ACAGGCTCCTTGGG,0
1690,GGAGCTGAGCTCCT,0
1691,TGCGAATCTGTGGT,0
1692,AGGCAGGAGAATCA,0
1693,AAAGTAGGAAGTCT,0
1694,ATCTCTCTGGCTCC,0
1695,ATTTCACACCTAGG,0
1696,CTGCAGAATTAGGA,0
1697,TAAATTAATTGAAA,0
1698,CATGGCTGGGGAGG,0
1699,TTAGCAGATTCCAA,0
1700,AATGATGAGTTAAT,0
1701,CGCTTGAACCCAGG,0
1702,TAGTTCATTATTTC,0
1703,TCCCAAAGCGCCTT,0
1704,AGGCTGGAGTGCAG,0
1705,TGAGTCTTTGACAT,0
1706,CTTCCATTAAAAGA,0
1707,GAAAACATTTTCAG,0
1708,ACACAGGGTCTTAC,0
1709,ATTCATTAGCTGAG,0
1710,CTGGGACCCTCTGT,0
1711,TCAGTGTAGGGAAA,0
1712,GATTTGAAAAATGA,0
1713,TGTGACACCGCACA,0
1714,TGTTGCTGCTTAGC,0
1715,TGGACTAAAGGACT,0
1716,CAGCATTTCAGGAT,0
1717,TTAATATTTTTGGA,0
1718,ATGGTAGGTGGCCC,0
1719,CAACAAAAAATTGG,0
1720,CTTATGTACAATGA,0
1721,CTCAATGGGTATTT,0
1722,CAGTTGGATGTCTT,0
1723,AGTGGATAAACCTG,0
1724,TTCTGAATATTTTG,0
1725,GTTGCAGCTGAAAG,0
1726,AGACTTTTAAGGTC,0
1727,ATCTGCCCGCCTCA,0
1728,CAGTCAGGACCTAA,0
1729,AATTTTATGAGGTA,0
1730,TGTTCTTGCTCAGT,0
1731,TCATCACACTTCGC,0
1732,ATATCACAAACAAA,0
1733,TTTGGATTACAAAA,0
1734,AAACATAACACCTC,0
1735,GGGAGAGAGAGAAA,0
1736,TTACTCTAAACCTG,0
1737,TAGTTTATTTATAT,0
1738,GGCTGCCATGAAAG,0
1739,TTTTGGAGAGTAAT,0
1740,AGAGACACTGTGGC,0
1741,CCAAGTCTTTCAGG,0
1742,TATACCTTTATTAT,0
1743,CCGACCTCAGGCGA,0
1744,CATCGTGAGCAAAC,0
1745,AGCACTTTGGGAGG,0
1746,TATTCTGCTGTTTT,0
1747,ACACATAAAAACAT,0
1748,TCTGAGCTTGGTGC,0
1749,TTATTACTATTACT,0
1750,CAGCTGTGATACAT,0
1751,AGGGTAAAGCACCA,0
1752,GAATCCAAGTTTCC,0
1753,CAGGCACCAGCCAC,0
1754,CACAATCACACACA,0
1755,ATAATTTTACAAAG,0
1756,GTGTTTTTCAGCTC,0
1757,GAAAAAATATGTAG,0
1758,TTTTTCCTTAAACA,0
1759,ATTTTGAAGCAATA,0
1760,TGATAGGATAAGCA,0
1761,CTCATCTTGAATTG,0
1762,ATTAGTCCTTAATA,0
1763,CATCAAAGACTACA,0
1764,GCTCAGAGAATGTT,0
1765,CACCTTACCCCAGC,0
1766,TTTATTGAACCATA,0
1767,AAGGAATTTTAAGA,0
1768,AATGTGTCTGGACT,0
1769,TGGTAAGAAGCAGA,0
1770,CCTTTGGATTGAGA,0
1771,GAAAAGATTTAGGG,0
1772,GCAAGCCACTGAGT,0
1773,TCATTCAGTGAAGG,0
1774,AAAACCATAAAAAG,0
1775,TGTAAAGATTAACG,0
1776,TTACAATAGCTACA,0
1777,AAAAATTTTTTAAG,0
1778,AATTCACAATTATT,0
1779,ATCACTAGGTCAGG,0
1780,TCTGGCAAGCACCT,0
1781,AAGTGTATTTTCCC,0
1782,CACAGGTTCATGAA,0
1783,CTAACACAACAAAA,0
1784,CTTTTCTCCCCAGG,0
1785,TGCAACAGGATCTC,0
1786,TGACAGATGTGATA,0
1787,ACATACATACATAC,0
1788,ATTGGTGTATAAGA,0
1789,AAAGGCATTAATTA,0
1790,GAGGGTAGAGGGTT,0
1791,TAGGTCAAATTGGT,0
1792,GGGCCAGCAGCAGC,0
1793,CTTTTTCTCATTCT,0
1794,TGAATAATTCTGTT,0
1795,GTAAGCCTTAATGA,0
1796,AAAACACTAGGAAA,0
1797,AGATAGAGATATAT,0
1798,ATGATATAACATAT,0
1799,CCCTTGATGACACT,0
1800,AAATGACATATCCT,0
1801,TACAAAAGAGGAGG,0
1802,ATCTCATTGTAGAT,0
1803,TTCATATGTTAAGA,0
1804,GCCAGTAGAGTAGA,0
1805,CTGAACTGATTCGC,0
1806,AAGCAAACCAAAAA,0
1807,GCAAGTCCCTTCTG,0
1808,GAAGAGGGCATCAG,0
1809,AGAATCACTTGAAC,0
1810,CCTTCCTTTGCAGC,0
1811,CCATGTATCAAAAT,0
1812,TTAAGTAATTCAAA,0
1813,TTTGCCTTTTCCAG,0
1814,TCAGTGGCCAGTAA,0
1815,CACAAAAGGACAAA,0
1816,TGGTAAACCACACG,0
1817,CTAAACTAATTTGT,0
1818,GCTGCCGGTGCCAT,0
1819,AAATTAGCCGGGCG,0
1820,AGGGCTGAGGCTAA,0
1821,GATAATTTTTGAAT,0
1822,CTAGGGGGTCTTGA,0
1823,ACACATGTGAGCCA,0
1824,CATTGGTCTTGCTA,0
1825,ATGAATAACGAAAG,0
1826,TGACGAGTTAGTGG,0
1827,ACCAGATAGCTGAT,0
1828,TAGGAGACAGGTAT,0
1829,TGCAAAAACACCAT,0
1830,CATCTGGTGGTTCC,0
1831,CAAGTGAATACTGC,0
1832,GAATAGCCCTCAAG,0
1833,TTCCTCTTGCCTTC,0
1834,CTAACAGGCACAGC,0
1835,CTAGGAAAATCTAT,0
1836,TTTAACATGAGCTA,0
1837,AAAAAAAAATTTTT,0
1838,AACATGACAAATCT,0
1839,TCTCAACGCTCTTC,0
1840,TCCAGCAAACTCCA,0
1841,TGTTAGCCAGGGTG,0
1842,TGCCCAGGCTAGAG,0
1843,GTGTGAGCCACTGT,0
1844,GATAAGAAAATGAG,0
1845,AAACTATAAAAATA,0
1846,TGGAAGACTCAGTA,0
1847,AATCAAAAGGGTAC,0
1848,GGAACTTTCGTGTA,0
1849,TAGCACAGAGTAGA,0
1850,TATTTTTCTTAGGA,0
1851,GAGTCTGGGTCATA,0
1852,GGATTTCAGTGTAG,0
1853,CTGAGCACCATCCT,0
1854,ATTAGTTCAGAAAC,0
1855,TCTTTATTATTCAT,0
1856,AATGGATTCTGCCT,0
1857,CCAGGGAGGAGGCG,0
1858,AGGTGAGAGACAGA,0
1859,CTGTCTTGCTGGCC,0
1860,CGTCGCACCCTCAA,0
1861,GGTAAGTAAGAGCC,0
1862,GACCTATCAACATT,0
1863,CACTAGCTCCTTTC,0
1864,GATTTGAGGGTCTT,0
1865,GGGGGCAGGGGCAT,0
1866,TGGCACATAGGGAT,0
1867,TAATTTTTTGTATT,0
1868,AAACTCCAATATCC,0
1869,TTTTTTGGATATTT,0
1870,ACTATTCCACCAGA,0
1871,TTTTGGCCAGGCTG,0
1872,GAATGAACAAATAT,0
1873,ATTTGAGATTCAGC,0
1874,TATATAATTTTTAT,0
1875,CCCATCATTGCCAC,0
1876,GTCAGAATTTCTCC,0
1877,AATGAGGCATGAAC,0
1878,AGGGATGCAGAGTT,0
1879,CATAAATTTCCTCT,0
1880,AAAACTCTCAATAA,0
1881,GTGTGAGACCCCAG,0
1882,GTGGTGGCATGTGC,0
1883,GCAAGTGTAAACAT,0
1884,GGGGCAGAGGCGCT,0
1885,TTGTGTTTCTCTTT,0
1886,TGATGTCATGTTTT,0
1887,CCGTGTTGATGGAA,0
1888,TGTAAGTTCTGAAA,0
1889,GGAGATGGAAGAAC,0
1890,TGACTTTGGATTAA,0
1891,AACGAGATTAAAGA,0
1892,GGCTAGAGTGCAGT,0
1893,AGCGATTCTCCTGC,0
1894,GAGAAGAGCCATTG,0
1895,TGCCAGGTGGAGCC,0
1896,CATTCGAATGGGGC,0
1897,TCAAGTTTTGAGAG,0
1898,TACATTTTTACCAT,0
1899,TGACTGAATTAAGG,0
1900,GCATTTCTCTAACG,0
1901,GCCAACTTTAGGAA,0
1902,GAGTCATTTGTCCA,0
1903,GATGAAATTTAGAG,0
1904,AAATATATGCAATT,0
1905,GTCTAACCAGATAA,0
1906,TCATTTCTTTTATG,0
1907,TTCTTTCACATGAC,0
1908,TAATCACCCACTAA,0
1909,GAGTGTGCAAATAT,0
1910,CCCGTGCGGACACT,0
1911,CAGACGAGACTGAG,0
1912,GTTCTGATTCTGCT,0
1913,CCTGCATATAAACA,0
1914,ATTTAAACATAAAT,0
1915,TTTGAGATCCTCGG,0
1916,TGGTATATAGTTTC,0
1917,AGAATGTTGCAGCC,0
1918,CTAGATATCAATTC,0
1919,ATTTTTTTTTTTTT,0
1920,CCCCACCTCCTCTA,0
1921,ATGGAATCATGTTG,0
1922,ATCCCTAAGTACCT,0
1923,GACTTGGGGCTGCA,0
1924,GAGAATTGCTTGAA,0
1925,CACAGAAAAGACTG,0
1926,TCGTTTATTTATTT,0
1927,TGAAATCAGAATTT,0
1928,CATGAGAACTGCAT,0
1929,ATAAGACCATACAA,0
1930,AGATGGTATTGAAA,0
1931,TATTCTCTTGAATT,0
1932,ATAAAACTTAGTGA,0
1933,CTGATTTTGATGAA,0
1934,AAACTATGTCCATG,0
1935,CCTCAGGCCATATG,0
1936,TGTTCTTACAATCC,0
1937,TTTCATTAAATTTC,0
1938,TAATCCCAGCATTT,0
1939,ATCACAACTTCTAA,0
1940,CTACAGGGGCAGAG,0
1941,AGGACTGAAGTTTT,0
1942,AATGAGAAAATAAC,0
1943,AGAGGAAACGGCTC,0
1944,CCATCTTCGTTTCT,0
1945,TGGGGAGTTTAATG,0
1946,CACCACACATTTTA,0
1947,CCAGCCTTCTTGGA,0
1948,TGGCTAGAGATATT,0
1949,TAGTAACTGTTGAA,0
1950,TGTAAGTGTTCCTG,0
1951,ATGGCAGGGCGACC,0
1952,AAATCAAATAAATA,0
1953,ACAGCATCAGACCT,0
1954,ATAGCGTTGCCTCT,0
1955,GTGATGATGATCAT,0
1956,ACTCTTGGAGCCCG,0
1957,ACCTTCTATGTTTT,0
1958,AGTAACTTAGCAAG,0
1959,TAGGCATGGTGGTA,0
1960,AGACTGAAGCTCCA,0
1961,CATCTTCACACTTA,0
1962,GCTTGATTCAATAA,0
1963,GTGGGCGGTGCAGG,0
1964,TCCTCCCCACTAAC,0
1965,CAAGGTCACCACCC,0
1966,CAGGCGTGAGCCTC,0
1967,GAGTCTGCATGAAC,0
1968,TCTTTTTCCCTACC,0
1969,CTTGGTCTGGGAGC,0
1970,CAGCATCCAGTGAA,0
1971,TGTGCCAACGTGCC,0
1972,AGGCTGGGTGCGGT,0
1973,GAGGGGCCTCGCCG,0
1974,TGATGGAGTGAGAT,0
1975,TGATTTGTCAGTTG,0
1976,AACACATACTAGCC,0
1977,CACCATGTTGGCCA,0
1978,GGATTACAGGCGTG,0
1979,TTAACCTTGACCAC,0
1980,AACACTTAAAATAT,0
1981,TTTATAATCATTTA,0
1982,CATGATTGGGTTCA,0
1983,ATGGACACAGGAAG,0
1984,TTCTTCTTTGCAGT,0
1985,TTAACTATGTGACC,0
1986,TAAGCTTTTTGGAG,0
1987,CTGTAGCATCAACC,0
1988,TCCAGGCGAGAGTC,0
1989,TTCTCTCTCCTCAG,0
1990,GAACAGATGTTGCA,0
1991,CGTGGATGCAGCTG,0
1992,TTTTAATTTGCACT,0
1993,AATTGCAAGATGGT,0
1994,TCCATTATATGTAT,0
1995,TTAGCCGGGCGTGG,0
1996,CTACCACCATGAAT,0
1997,CCATTGCAAGATTT,0
1998,TAGTAAACTTTTGT,0
1999,AAGCTAAAATTTTC,0
